10,Pizza Hut Shopping Paulista,Rua Treze De Maio‚ 1947 - Bela Vista - São Paulo – SP,,
11,Pizza Hut Shopping Eldorado,Av. Rebouças‚ 3970 – Pinheiros - São Paulo – SP,,
12,Pizza Hut Bandeirantes,Av. Dos Bandeirantes‚ 3335 - Planalto Paulista - São Paulo – SP,,
13,Pizza Hut Shopping Interlagos,Av. Interlagos‚ 2255 - Santo Amaro - São Paulo – SP,,
14,Pizza Hut Tatuapé,Rua Itapura‚ 1616 – Tatuapé - São Paulo – SP,,
15,Pizza Hut Pátio Limeira Shopping,Rua Carlos Gomes‚ 1321 – Centro – Limeira – SP,,
16,Pizza Hut Morumbi,Av. Guilherme Dumont Villares‚ 2282 – Morumbi - São Paulo – SP,,
17,Pizza Hut Mais Shopping Largo 13,R. Amador Bueno‚ 229 - Santo Amaro - São Paulo – SP,,
18,Pizza Hut Shopping West Plaza,Av. Antártica‚ 408 - Bloco B‚ Piso 3 - Água Branca - São Paulo – SP,,
19,Pizza Hut Independência Ribeirão Preto,Av. Independência‚ 2.609 - Subsetor Sul - 1 (S-1) - Ribeirão Preto – SP,,
20,Pizza Hut Litoral Plaza,Av. Ayrton Senna Da Silva‚ 1511 – Intermares - Praia Grande – SP,,
21,Pizza Hut Mooca,Rua Tobias Barreto‚ 736 – Mooca - São Paulo – SP,,
22,Pizza Hut Figueiras,Rua Das Figueiras‚ 755 - Bairro Jardim - Santo André – SP,,
23,Pizza Hut Plaza Sul,Praça Leonor Kaupa‚ 100 - Jardim Da Saúde - São Paulo – SP,,
24,Pizza Hut Park Shopping São Caetano,Al. Terracota‚ 545 – Cerâmica - São Caetano Do Sul – SP,,
25,Pizza Hut Tivoli Santa Bárbara D´Oeste,Av. Santa Barbara‚ 777 - Vl. Mollon - Santa Bárbara D´Oeste – SP,,
26,Pizza Hut Mooca Plaza Shopping,R. Cap. Pacheco E Chaves‚ 313 - Loja 1077ª - Vila Prudente - São Paulo – SP,,
27,Pizza Hut Shopping Metrô Tatuapé,Rua Domingos Agostim‚ 91 - Loja 514 – Tatuapé - São Paulo – SP,,
28,Pizza Hut Bauru Shopping,R. Henrique Savi‚ 55 - Vila Universitária – Bauru – SP,,
29,Pizza Hut São Bernardo Plaza Shopping,Avenida Rotary‚ 624 - Loja 3008 – Centro - São Bernardo Do Campo – SP,,
30,Pizza Hut Shopping Center 3,Av. Paulista‚ 2064 - Loja Luc P-24 - Cerqueira César - São Paulo – SP,,
31,Pizza Hut Praiamar Shopping,Rua Alexandre Martins‚ 80 – Aparecida – Santos – SP,,
32,Pizza Hut Shopping Metrô Santa Cruz,Rua Domingos De Morais‚ 2564 - Loja 08‚ Piso L2 - Vila Mariana - São Paulo – SP,,
33,Pizza Hut Shopping Taboão,Rod. Regis Bittencourt‚ 2643 - Loja Térreo 86 - Cidade Intercap - Taboão Da Serra – SP,,
34,Pizza Hut Shopping Vila Olímpia,Rua Olimpíadas‚ 360 - Loja 519 - Vila Olímpia - São Paulo – SP,,
35,Pizza Hut Shopping Tamboré,Av. Piracema‚ 669 - Suc: Stbs 118 – Tamboré – Barueri – SP,,
36,Pizza Hut Shopping Metrô Itaquera,Av. José Pinheiro Borges‚ S/N – Itaquera - São Paulo – SP,,
37,Pizza Hut Plaza Avenida,Av. José Munia‚ 4775 - Jardim Redentor - São José Do Rio Preto – SP,,
38,Pizza Hut Granja Viana,Rod. Raposo Tavares‚ Km23,5 - Luc 410/411 – Pirituba – Cotia – SP,,
39,Pizza Hut Shopping Light,R. Cel. Xavier De Toledo‚ 23 - Loja Loc 401 B – Centro - São Paulo – SP,,
40,Pizza Hut Tietê Plaza Shopping,Av. Raimundo Pereira De Magalhães‚ 1465 - Loja 3019‚ Pavimento 2 - Jardim Íris - São Paulo – SP,,
41,Pizza Hut Internacional Shopping Guarulhos,Rua Engenheiro Camilo Olivetti‚ 295 - Loja P34 – Itapegica – Guarulhos – SP,,
42,Pizza Hut Shopping Aricanduva,Av. Aricanduva‚ 5555 - Vila Aricanduva - São Paulo – SP,,
43,Pizza Hut Shopping Higienópolis,Av. Higienópolis‚ 618 - Loja Arco 521 – Higienópolis - São Paulo - SP,,
44,Pizza Hut Perdizes,R. Cardoso De Almeida‚ 731 – Perdizes - São Paulo – SP,,
45,Pizza Hut Shopping Osasco União,Av. Dos Autonomistas‚ 1400 - Arco Ff12 - Vila Yara – Osasco – SP,,
46,Pizza Hut Ipiranga,Avenida Nazaré‚ 666 – Ipiranga - São Paulo – SP,,
47,Pizza Hut Vila Mascote,Rua Derval‚ 76 - São Paulo – SP,,
48,Pizza Hut Indaiatuba,Avenida Presidente Kennedy‚ 1377 - Cidade (Bairros) – Indaiatuba – SP,,
49,Pizza Hut Mogi Das Cruzes,Rua Manoel Oliveira‚ 269 - Vila Mogilar - Mogi Das Cruzes – SP,,
50,Pizza Hut Americana,Rua Das Paineiras‚ 38 – Americana – SP,,
51,Pizza Hut Shopping Metrópole SBC,Praça Samuel Sabatine‚ 200 – Centro - São Bernardo Do Campo – SP,,
52,Pizza Hut Vila Clementino,Rua Loefgren‚ 1321 - São Paulo – SP,,
53,Pizza Hut Shop. Boulevard Mogi-Guaçu,Avenida Mogi Mirim‚ 210 - Morro De Ouro - Mogi Guaçu – SP,,
54,Pizza Hut Golden Square Shopping SBC,Avenida Kennedy‚ 700 – Centro - São Bernardo Do Campo – SP,,
55,Pizza Hut Vila Boim,Rua Armando Penteado‚ 1 - São Paulo – SP,,
56,Pizza Hut Valinhos,Rua Paiquere‚ 200 – Cidade – Valinhos – SP,,
57,Pizza Hut Hortolândia,R. João Barreto Da Silva‚ 150 - Rp 1-1 – Hortolândia – SP,,
58,Pizza Hut Shopping Pátio Ciane,Av. Dr. Afonso Vergueiro‚ 823 – Centro – Sorocaba – SP,,
59,Pizza Hut Vila Leopoldina,Rua Carlos Weber‚ 344 - São Paulo – SP,,
60,Pizza Hut Super Shopping Osasco,Avenida Dos Autonomistas‚ 1828 - Industrial Autonomistas – Osasco – SP,,
61,Pizza Hut Vila Nova Conceição,Av. Santo Amaro‚ 604 - Vila Olímpia - São Paulo – SP,,
62,Pizza Hut Chacara Klabin,Av. Lins De Vasconcelos‚ 2777 - Chácara Klabin - São Paulo – SP,,
63,Pizza Hut Apizza Hutaville,Avenida Yojiro Takaoka‚ 3.980 – Apizza Hutaville - Santana De Parnaíba – SP,,
64,Pizza Hut Bom Retiro,Rua Guarani‚ 226 - São Paulo – SP,,
65,Pizza Hut Zero Mogi Mirim Centro,Rua Padre Roque‚ 913 - Mogi Mirim – SP,,
66,Pizza Hut Piracicaba,Avenida Armando De Salles Oliveira‚ 1415 - Cidade Alta – Piracicaba – SP,,
67,Pizza Hut Paraiso,Avenida Brigadeiro Luis Antonio‚ 2893 - São Paulo – SP,,
68,Pizza Hut Extra Jaguaré,Avenida Corifeu De Azevedo Marques‚ 4160 - Parque Continental - São Paulo – SP,,
69,Pizza Hut Saúde,Avenida Miguel Estefno‚ 1663 - São Paulo – SP,,
70,Pizza Hut Vila Sofia,Avenida Washington Luis‚ 1030 - São Paulo – SP,,
71,Pizza Hut Araçatuba,Av. Brasília‚ 2121 - Loja 11 – Araçatuba – SP,,
72,Pizza Hut Jacareí,Avenida Das Letras‚ 914 – Jacareí – SP,,
73,Pizza Hut Itapetininga,Av. Peixoto Gomide‚ 417 – Centro – Itapetininga – SP,,
74,Pizza Hut Itatiba,Av. Mal. Castelo Branco‚ 616 - Jardim Da Luz – Itatiba – SP,,
75,Pizza Hut Mandaqui,Av. Eng. Caetano Álvares‚ 4110 – Imirim - São Paulo – SP,,
76,Pizza Hut Demarchi,Av. Capitão Casa‚ 1050 - Parque Espacial - São Bernardo Do Campo – SP,,
77,Pizza Hut Sumaré,Av. Rebouças‚ 1891 - Jardim Alvorada – Sumaré – SP,,
78,Pizza Hut Chácara Santo Antônio,R. Américo Brasiliense‚ 1376 - Chácara Santo Antônio - São Paulo – SP,,
79,Pizza Hut Av. Dos Estados,Av. Dos Estados‚ 6943 - Parque Central - Santo André – SP,,
80,Pizza Hut Avaré,Av. Maj. Rangel‚ 1800 – Centro – Avaré – SP,,
81,Pizza Hut Vila Moinho Velho,Av. Pres. Tancredo Neves‚ 525 - Lojas 7‚ 8 E 9 - Vila Moinho Velho - São Paulo – SP,,
82,Pizza Hut Presidente Prudente,Av. Quatorze De Setembro‚ 918 - Vila Industrial - Presidente Prudente – SP,,
83,Pizza Hut Taubaté,Av. Charles Schnneider‚ 1400 - Parque Sr. Do Bonfim – Taubaté – SP,,
84,Pizza Hut Assis,Av. Rui Barbosa‚ 827 – Centro – Assis – SP,,
85,Pizza Hut Mall Suzano,R. Sete De Setembro‚ 555 - Jardim Dos Ipês – Suzano – SP,,
86,Pizza Hut Diadema Centro,R. Manoel Da Nóbrega‚ 855 - Parque Imigrantes – Diadema – SP,,
87,Pizza Hut Santana,Rua Alfredo Pujol‚ 1190 - São Paulo – SP,,
88,Pizza Hut Cantareira Norte Shopping,Av. Raimundo Pereira De Magalhães‚ 11001 - Jardim Pirituba - São Paulo – SP,,
89,Pizza Hut Iguatemi Campinas ,Avenida Iguatemi‚ 777 – Vila Brandina – Campinas – SP,,
90,Pizza Hut Parque Dom Pedro Shopping ,Avenida Guilherme Campos‚ 500 – Loja F31 – Parque das Flores – Campinas – SP,,
91,Pizza Hut Norte Sul (Relo) ,Av. José de Souza Campos‚ 900 – Cambuí – Campinas – SP,,
92,Pizza Hut Chácara Primavera,Rua Jorge de Figueiredo Corrêa‚ 1727 – Chácara Primavera – Campinas – SP,,
93,Pizza Hut Shopping Prado Boulevard,Av. Washington Luis‚ 2480 – Vila Marieta – Campinas – SP,,
94,Pizza Hut Barão Geraldo,Avenida Albino J. B. de Oliveira‚ 1480 – Barão Geraldo – Campinas – SP,,
95,Pizza Hut Parque das Bandeiras,Avenida John Boyd Dunlop‚ 3900 – Cidade Satélite Iris – Campinas – SP,,
196,Pizza Hut Araraquara,Av. Bento de Abreu‚ 930 – Araraquara – SP,,